location,count,category 
"Bolderwood, Hampshire",292,Area of Interest
Rhinefield Ornamental Drive,137,Area of Interest
Hatchet Pond,108,Area of Interest
"Tall Trees Walk, New Forest",102,Area of Interest
Bolderwood Deer Enclosure,101,Area of Interest
"Lepe, Hampshire",95,Area of Interest
Wilverley Plain,91,Area of Interest
Beaulieu River,89,Area of Interest
"Bolton's Bench, Lyndhurst",71,Area of Interest
Keyhaven,69,Area of Interest
Setley,62,Area of Interest
Balmer Lawn,45,Area of Interest
Godshill,45,Area of Interest
Calshot Beach,44,Area of Interest
"Frogham, Hampshire",40,Area of Interest
Dibden Purlieu,33,Area of Interest
Picket Post,33,Area of Interest
"Wootton, New Forest",32,Area of Interest
Blackwater Arboretum & Tall Trees Trail,31,Area of Interest
"Linford Bottom, New Forest",31,Area of Interest
"Nomansland, Wiltshire",29,Area of Interest
Highcliffe Beach,27,Area of Interest
"Puttles Bridge, New Forest",27,Area of Interest
Rockford Common,27,Area of Interest
Holmsley,26,Area of Interest
Mudeford,26,Area of Interest
Canada Common,24,Area of Interest
Longslade Bottom,20,Area of Interest
Janesmoor Pond,19,Area of Interest
Dibden Inclosure,18,Area of Interest
"Norleywood, Hampshire, United Kingdom",18,Area of Interest
Bratley View,17,Area of Interest
Dibden,17,Area of Interest
Hurst Spit,17,Area of Interest
Ogdens,17,Area of Interest
Thorney Hill,17,Area of Interest
Hengistbury Head,16,Area of Interest
Hurst View,16,Area of Interest
Keyhaven Marshes,15,Area of Interest
Mudeford Sandbanks,15,Area of Interest
New Park Brockenhurst,15,Area of Interest
Hill Top,14,Area of Interest
Standing Hat,14,Area of Interest
Denny Wood,13,Area of Interest
Roydon Woods,13,Area of Interest
Blackwater Wood Arboretum,10,Area of Interest
Pylewell,10,Area of Interest
Anderwood New Forest,9,Area of Interest
Bolderwood. New forest,9,Area of Interest
Colbury Memorial Hall,9,Area of Interest
"Linwood, New Forest",9,Area of Interest
Christchurch Avon Beach,8,Area of Interest
Solent,8,Area of Interest
Wilverley,8,Area of Interest
Beaulieu Road,7,Area of Interest
New forest - Horseshoe Bottom,7,Area of Interest
Norley Wood New Forest,7,Area of Interest
Yew Tree Heath,7,Area of Interest
"Blackfield, Hampshire",6,Area of Interest
Blissford,6,Area of Interest
Brockenhurst Village Hall,6,Area of Interest
Calshot,6,Area of Interest
Highcliffe Cliff Top,6,Area of Interest
New Forest Showground,6,Area of Interest
Breamore,5,Area of Interest
Deerleap Farm,5,Area of Interest
Hordle Cliff,5,Area of Interest
Longslade Heath,5,Area of Interest
Moyles Court Stream,5,Area of Interest
Nomansland,5,Area of Interest
North Gorley,5,Area of Interest
Hythe Marina Village,5,Area of Interest
Apsley Cars,4,Area of Interest
Blackwater Arboretum,4,Area of Interest
Denny Lodge,4,Area of Interest
Furze Hill,4,Area of Interest
Lymington River,4,Area of Interest
"Mockbeggar, Hampshire",4,Area of Interest
Woodside Park,4,Area of Interest
Emmi's Beauty Room,79,Business
Turn in the Wood,66,Business
Coffee Monger's  Roasting Company,60,Business
No64 Biscuit House,60,Business
Tattoo Addiction,53,Business
Setley Ridge Vineyard,39,Business
New Forest DOG Sitters,35,Business
ForestFit - Personal Training,31,Business
Lymington House,30,Business
Somerley House & Events,30,Business
Bee Matthews Fine Art,28,Business
Handmade New Forest,27,Business
Lymington Yacht Haven,27,Business
Escape Beauty & Natural Health,25,Business
Warborne Farm,22,Business
Priory Wines,20,Business
Café Velo,16,Business
Small Cars Direct,16,Business
Burgate Manor Farm,14,Business
Graphics Bite,13,Business
Meridien Modena,13,Business
New Forest Cider,13,Business
Charles Nobel,12,Business
Weddings in the Wood,12,Business
Keyhaven Yacht Club,11,Business
Time & Tide Ladies Fashions,11,Business
Ytene Gallery,11,Business
David Ahern Artist,10,Business
New Forest Classic Cars,10,Business
Willow Lifestyle,10,Business
Coven Of Witches,9,Business
Beaulieu Hair & Nail Designs,8,Business
Hartnett Holder & Co,8,Business
Moon Studio Ceramics,8,Business
Kadink Tattoo,7,Business
Sopley Farm,7,Business
Sunnyfields Farm - The New Forest - Hampshire,7,Business
Thirty Three Boutique,7,Business
Beautify,6,Business
Fells Gulliver Lymington Ltd,6,Business
Maserati and Ferrari Dealership,6,Business
New Forest Lavender,6,Business
Slate Cottage,6,Business
Value Your Mind,6,Business
blubambu living,5,Business
Mettricks Beaulieu,5,Business
Skincare inc,5,Business
AKA FIT,4,Business
Amy's Haberdashery,4,Business
Bashley Art,4,Business
Fairweather's Garden Centre,4,Business
"Julie A Davis Photography (Maternity, Newborn & Portrait",4,Business
Melt,4,Business
New Forest Ice Cream Ltd,4,Business
Setley Ridge Garden Centre,4,Business
Stride's Logs,4,Business
Studio by the Sea,4,Business
WildRevive,4,Business
"St Michael & All Angels, Lyndhurst",9,Church
St Nicolas Church Brockenhurst,9,Church
St John's Church Boldre,7,Church
LOCATION ERROR,668,Error
The New Forest & Hampshire County Show,91,Event
New Forest Fairy Festival,59,Event
The New Forest and Hampshire County Show,49,Event
"The New Forest Show, Brockenhurst",19,Event
Ellingham Show,18,Event
Lymington Seafood Festival,12,Event
New Forest Folk Festival,7,Event
New Forest and Hampshire County Show,5,Event
The Pig Hotel,473,Food and Leisure
Lime Wood Hotel,434,Food and Leisure
Rhinefield House Hotel,182,Food and Leisure
Chewton Glen,177,Food and Leisure
Careys Manor Hotel & SenSpa,99,Food and Leisure
"Linwood, Hampshire",84,Food and Leisure
The Huntsman of Brockenhurst,80,Food and Leisure
Burley Manor,77,Food and Leisure
The Bell Inn New Forest,62,Food and Leisure
Hotel Terravina,57,Food and Leisure
New Park Manor Hotel,57,Food and Leisure
"The White Buck, Burley",49,Food and Leisure
Braxton Tea Gardens,47,Food and Leisure
"The Oak Inn, Bank, Lyndhurst, The New Forest",42,Food and Leisure
The Montagu Arms Hotel,39,Food and Leisure
The Drift Inn,38,Food and Leisure
Herb House Spa @ Limewood Hotel,37,Food and Leisure
Forest Lodge Hotel,34,Food and Leisure
The Augustus John,32,Food and Leisure
The Master Builder's at Buckler's Hard,31,Food and Leisure
The Pilgrim Inn,30,Food and Leisure
Macdonald Elmers Court Hotel & Resort,29,Food and Leisure
New Forest Lavender Tearooms,29,Food and Leisure
The Alice Lisle,28,Food and Leisure
The Old Vicarage,25,Food and Leisure
Balmer Lawn Hotel,24,Food and Leisure
High Corner Inn,24,Food and Leisure
Royal Oak Fritham,24,Food and Leisure
The Mill at Gordleton,24,Food and Leisure
The Red Shoot Inn & Brewery,24,Food and Leisure
Stanwell House Hotel,23,Food and Leisure
Bartley Lodge Hotel,21,Food and Leisure
The Railway Pub & Kitchen,21,Food and Leisure
The Kitchen at Chewton Glen,17,Food and Leisure
"The Ship Inn, Lymington",17,Food and Leisure
Beaulieu Hotel,16,Food and Leisure
"The Boathouse Hotel & Restaurant, Hythe Marina",16,Food and Leisure
The Fighting Cocks Pub,16,Food and Leisure
"The Fox and Hounds, Lyndhurst",16,Food and Leisure
Lepe Beach Cafe and Shop,14,Food and Leisure
Thatched Cottage Hotel,14,Food and Leisure
The Cider Pantry,14,Food and Leisure
Rockingham Arms,13,Food and Leisure
The Penny Farthing Hotel and Cottages,13,Food and Leisure
The Royal Oak Hilltop Beaulieu,13,Food and Leisure
Queens Head Burley,12,Food and Leisure
The Haven Bar & Restaurant,12,Food and Leisure
The New Forest Inn,12,Food and Leisure
The Trusty Servant Inn,12,Food and Leisure
Daisybank Cottage Boutique Bed and Breakfast,11,Food and Leisure
Forest Park Hotel,11,Food and Leisure
Foresters Arms,11,Food and Leisure
Knives & Corks,11,Food and Leisure
Rosie Lea Tea House & Bakery,11,Food and Leisure
The Angel & Blue Pig,11,Food and Leisure
The Cliff House,11,Food and Leisure
The George Fordingbridge,11,Food and Leisure
The Larder,11,Food and Leisure
The Swan Inn,11,Food and Leisure
The Woolpack Inn,11,Food and Leisure
Burrow & Hide,10,Food and Leisure
La Pergola Italian Ristorante / Pizzeria,10,Food and Leisure
Pallets Tea & Coffee House,10,Food and Leisure
The Beach House Westover,10,Food and Leisure
The Forage Deli & Eatery,10,Food and Leisure
"The Green Dragon, Brook",10,Food and Leisure
The Snakecatcher,10,Food and Leisure
Framptons New Forest,9,Food and Leisure
The Manor at Sway,9,Food and Leisure
The waterloo Arms,9,Food and Leisure
Minstead Lodge,8,Food and Leisure
"Riverside Lodge, Hampshire Avon, New Forest National Park",8,Food and Leisure
The Mayflower,8,Food and Leisure
The Turfcutters Arms,8,Food and Leisure
Burley Manor Hotel,7,Food and Leisure
East end arms,7,Food and Leisure
Moorhill House Hotel,7,Food and Leisure
Moorhouse Farmhouse,6,Food and Leisure
Pebble Beach Restaurant,6,Food and Leisure
The Filly Inn Brockenhurst,6,Food and Leisure
The Langley Tavern,6,Food and Leisure
The Old Station Tea Rooms,6,Food and Leisure
The Red Lion Boldre,6,Food and Leisure
The Wash  House Micro Ale Bar,6,Food and Leisure
Tribley Towers,6,Food and Leisure
White Rabbit Chef & Brewer,6,Food and Leisure
Bramble Hill Hotel,5,Food and Leisure
Burley Manor Hotel Resturant,5,Food and Leisure
"Criddlestyle Cottage, New Forest National Park",5,Food and Leisure
Dray Mews Luxury Self Catering Cottages,5,Food and Leisure
Eastclose Hotel,5,Food and Leisure
Lyndhurst Tea House,5,Food and Leisure
Passford House Hotel,5,Food and Leisure
Rosie Lea at Setley Ridge,5,Food and Leisure
SenSpa,5,Food and Leisure
Stag Hotel Lyndhurst,5,Food and Leisure
Steff's Kitchen,5,Food and Leisure
Tea Total Lyndhurst,5,Food and Leisure
The Lovely Little Cafe,5,Food and Leisure
The Old Farmhouse,5,Food and Leisure
The Woodlands Lodge Hotel,5,Food and Leisure
BakeHouse,4,Food and Leisure
Beachcomber Cafe,4,Food and Leisure
Moortown Lodge,4,Food and Leisure
New Forest Escapes,4,Food and Leisure
Pigshed New Forest,4,Food and Leisure
The Hourglass Micropub,4,Food and Leisure
The Mailmans Arms,4,Food and Leisure
The Monkey House,4,Food and Leisure
The Shipyard- bar & kitchen,4,Food and Leisure
"Beaulieu, National Motor Museum",215,Heritage Experience
Buckler's Hard,120,Heritage Experience
Exbury Gardens & Steam Railway,81,Heritage Experience
Beaulieu Palace House,64,Heritage Experience
Hurst Castle,58,Heritage Experience
Beaulieu Abbey,27,Heritage Experience
Hurst Point Lighthouse,23,Heritage Experience
Exbury Gardens,14,Heritage Experience
Hanger Farm Arts Centre,12,Heritage Experience
RAF Holmsley South,12,Heritage Experience
RAF Stoney Cross,12,Heritage Experience
"New Forest Centre, Lyndhurst",11,Heritage Experience
Rufus Stone New Forest,9,Heritage Experience
St Dominic's Priory,9,Heritage Experience
Highcliffe Castle,8,Heritage Experience
Sammy Miller Motorcycle Museum,8,Heritage Experience
Sopley Mill,8,Heritage Experience
St Barbe Museum + Art Gallery,8,Heritage Experience
RAF Beaulieu,7,Heritage Experience
Buckland Rings,6,Heritage Experience
Hurst Castle UK,5,Heritage Experience
The Knightwood Oak,5,Heritage Experience
Calshot Castle,4,Heritage Experience
New-Forest-Nationalpark,1045,National Park
New Forest National Park,648,National Park
The New Forest National Park,10,National Park
Parc national New Forest,4,National Park
New Forest,4889,New Forest
The New Forest,1085,New Forest
The New Forest UK,155,New Forest
The New Forest Near Brokenhurst,13,New Forest
New Forest National Park Authority,10,Organisation
The New Forest Trust,10,Organisation
The National Trust - New Forest,9,Organisation
Lymington New Forest Hospital,5,Organisation
Grant Ford Fitness,286,Outside
"Salisbury, Wiltshire",74,Outside
Stall Knaggagården,63,Outside
Southampton,50,Outside
Laverstoke,43,Outside
Dorset,36,Outside
Bournemouth,35,Outside
"London, United Kingdom",28,Outside
"Christchurch, Dorset",22,Outside
Salisbury Guildhall,22,Outside
"Stutteri Soldal, Vråby",22,Outside
England,19,Outside
City Hall Salisbury,17,Outside
Green Cottage Riding Centre and Stud  -  www.freewebs.com/greencottage,17,Outside
Salisbury Cathedral,16,Outside
Hampshire,15,Outside
Manege Olympic,15,Outside
Tjuvkil Mellangård,15,Outside
Trelogan,14,Outside
"Cannectancourt, Picardie, France",13,Outside
Isle of Wight,13,Outside
Monkey World,13,Outside
"Tampere, Finland",13,Outside
The Bombay Sapphire Distillery,13,Outside
Curious Arts Festival,12,Outside
Bournemouth Beach,12,Outside
"Lunde I Telemark, Telemark, Norway",12,Outside
Romsey,12,Outside
United Kingdom,12,Outside
EdgeInspired,11,Outside
Fleur De Lys,11,Outside
"Winchester, Hampshire",11,Outside
Peppa Pig World,9,Outside
"Verwood, Dorset",9,Outside
H and H Borderway Mart,8,Outside
Chilly White,8,Outside
Durdle Door,8,Outside
"St Giles House, Wimborne St Giles",8,Outside
Tuakana,8,Outside
Bollebygds Ridklubb,7,Outside
Gotlands Ridakademi,7,Outside
Gunwharf Quays,7,Outside
"Laura Legg, Cambridge Weight Plan, New Forest Weight Loss Centre",7,Outside
Paultons Park,7,Outside
Planet Earth,7,Outside
"Poole, Dorset",7,Outside
Southampton & New Forest,7,Outside
Velo Domestique,6,Outside
Hawk Conservancy,6,Outside
Hawk Conservancy Trust,6,Outside
Ferndown,6,Outside
"Groningen, Netherlands",6,Outside
Jurassic Coast,6,Outside
Ngôi Nhà ?? Ch?i,6,Outside
Ridehus og opstaldning på Skjern Hovedgaard,6,Outside
Avon Heath Country Park,6,Outside
Lou Osborne Photography,5,Outside
Romsey Show,5,Outside
The Compasses Inn,5,Outside
The Rose And Thistle Pub,5,Outside
"Amsterdam, Netherlands",5,Outside
"Cambridge Weight Plan Sarah Presley - Southampton, Waterside & New Forest",5,Outside
Flemish Region,5,Outside
Great Britain,5,Outside
KNHS Nederland,5,Outside
Lyme Regis,5,Outside
Mudeford Quay,5,Outside
Ørnholm I Manderup,5,Outside
Öskubox,5,Outside
Regional Award Winner Cambridge Weight Plan Sandra V - Soton / New Forest,5,Outside
Staunton Harold,5,Outside
Stourhead National Trust,5,Outside
The Noisy Lobster Avon Beach,5,Outside
Green Cottage Riding Centre and Stud,5,Outside
Beesd,4,Outside
ScenterBarks Dog Daycare Centre,4,Outside
"The Kings Arms, Christchurch",4,Outside
"Andover, Hampshire, United Kingdom",4,Outside
"Arnhem, Netherlands",4,Outside
Borough Market,4,Outside
Fussing Ø,4,Outside
Gillingham and Shaftesbury Agricultural Show,4,Outside
Harjun oppimiskeskus,4,Outside
Lake District,4,Outside
Northbrook Park,4,Outside
Ocean Village Southampton,4,Outside
Østre Mørdre Gård,4,Outside
Stall Friheten,4,Outside
Stonehenge,4,Outside
Stuteri Ängsbacken,4,Outside
The Christchurch Confectioner,4,Outside
"Wake Forest, North Carolina",4,Outside
"Weymouth, Dorset",4,Outside
"Zürich, Switzerland",4,Outside
???????? ????,4,Outside
Champneys Forest Mere,4,Outside
Parley Equestrian Centre,4,Outside
Pedals Cycle Centre,4,Outside
Moyles Court School,10,School
Brockenhurst College,9,School
Blashford Lakes Study Centre,4,School
Brockenhurst FC,8,Sports Club
Bramshaw Golf Club,6,Sports Club
New Forest Polo Club,5,Sports Club
"New Forest Golf Club, Lyndhurst",4,Sports Club
Brokenhurst Manor GC,5,Spots Club
New Forest Wildlife Park,337,Tourism and Recreation
"Hollands Wood Campsite, New Forest",163,Tourism and Recreation
New Forest Water Park,144,Tourism and Recreation
"Roundhill Campsite, New Forest",71,Tourism and Recreation
Sandy Balls Holiday Village,69,Tourism and Recreation
Moors Valley Country Park and Forest,45,Tourism and Recreation
Aldridge Hill Campsite,43,Tourism and Recreation
Ashurst Campsite,43,Tourism and Recreation
The Woods Cyclery,40,Tourism and Recreation
Longdown Activity Farm,38,Tourism and Recreation
Roundhill Caravan Park & Campsite,34,Tourism and Recreation
Shorefield Country Park,32,Tourism and Recreation
Harry's Field Campsite,31,Tourism and Recreation
Somerley,29,Tourism and Recreation
Furzey Gardens,28,Tourism and Recreation
Woodington Lakes,27,Tourism and Recreation
New Forest Activities,24,Tourism and Recreation
Rushcroft Farm,21,Tourism and Recreation
Petlake Alpacas of the New Forest,20,Tourism and Recreation
"Woodlands, Hampshire",19,Tourism and Recreation
Lepe Country Park,18,Tourism and Recreation
New Forest Reptile Centre,18,Tourism and Recreation
Bagnum Equestrian Centre Ltd,17,Tourism and Recreation
Avon Tyrrell Activity Centre,16,Tourism and Recreation
Boost Bike Hub,15,Tourism and Recreation
holmsley Camp Site,14,Tourism and Recreation
Long Meadow Campsite,14,Tourism and Recreation
Red Shoot Camping Park,14,Tourism and Recreation
The New Forest Wildlife Park,13,Tourism and Recreation
Hoburne Bashley,12,Tourism and Recreation
Holmsley Campsite New Forest,12,Tourism and Recreation
Black Knowl Club Site,11,Tourism and Recreation
Ferny Crofts Scout Activity Centre,11,Tourism and Recreation
Green Hill Farm Caravan & Camping Park,11,Tourism and Recreation
Lymington Nature Reserve,11,Tourism and Recreation
Blashford Lakes,10,Tourism and Recreation
"Liberty's Owl, Raptor and Reptile Centre",10,Tourism and Recreation
"Ocknell Campsite, New Forest",10,Tourism and Recreation
Rhinefield Tall Trees Walk,9,Tourism and Recreation
Forest Leisure Cycling,8,Tourism and Recreation
Oakdene Forest Park,8,Tourism and Recreation
Burley Villa School of Riding,7,Tourism and Recreation
Calshot Activities Centre,7,Tourism and Recreation
Folds Farm Camping at Chapel field in the New forest,7,Tourism and Recreation
Foxlease TAC,7,Tourism and Recreation
Go Ape Moors Valley,7,Tourism and Recreation
Tile Barn Outdoor Centre,7,Tourism and Recreation
Denny Wood Campsite,6,Tourism and Recreation
Ellingham Waterski & Wakeboard Club,6,Tourism and Recreation
Insight Activities,6,Tourism and Recreation
Ford Farm Stables,5,Tourism and Recreation
Ipley Manor Stables,5,Tourism and Recreation
Arniss Equestrian,4,Tourism and Recreation
"Avon Tyrell Camping, New Forest",4,Tourism and Recreation
Bicycle Jack's,4,Tourism and Recreation
Cyclexperience New Forest,4,Tourism and Recreation
Matley Wood Campsite,4,Tourism and Recreation
Paultons Campsite,4,Tourism and Recreation
Sopley Lake Yurt Camp,4,Tourism and Recreation
YHA Hostel Burley,4,Tourism and Recreation
"Brockenhurst, Hampshire",744,Town or Village
"Beaulieu, Hampshire",500,Town or Village
"Lyndhurst, Hampshire",442,Town or Village
"Burley, Hampshire",428,Town or Village
Lymington,370,Town or Village
"Sway, Hampshire",262,Town or Village
Milford on Sea Beach (New Forest,245,Town or Village
Milford on Sea,131,Town or Village
Lymington Quay,129,Town or Village
Minstead,75,Town or Village
Burley New Forest,71,Town or Village
New Miltan,71,Town or Village
Ringwood,63,Town or Village
Fordingbridge,58,Town or Village
Fritham,48,Town or Village
East Boldre,47,Town or Village
"Barton On Sea, Hampshire, United Kingdom",45,Town or Village
Bramshaw,43,Town or Village
"Ashurst, Hampshire",35,Town or Village
Lymington-Keyhaven Nature Reserve,35,Town or Village
Cadnam,30,Town or Village
"New Milton, Hampshire, United Kingdom",30,Town or Village
Bransgore,28,Town or Village
Bickton,27,Town or Village
Highcliffe,26,Town or Village
"Pilley, Hampshire",26,Town or Village
"Bramshaw, New Forest",21,Town or Village
Copythorne,21,Town or Village
"Hythe, Southampton, United Kingdom",21,Town or Village
West Wellow,21,Town or Village
Woodgreen,21,Town or Village
"Rockford, Hampshire",20,Town or Village
Emery Down,19,Town or Village
Boldre,18,Town or Village
"Downton, Wiltshire, United Kingdom",18,Town or Village
Beaulieu,17,Town or Village
"Hyde, Hampshire",17,Town or Village
"Totton, Southampton, United Kingdom",16,Town or Village
"Godshill, Wiltshire, United Kingdom",15,Town or Village
Hordle,13,Town or Village
"Hale, Hampshire",12,Town or Village
"Tiptoe, Hampshire",12,Town or Village
"Bartley, Southampton, United Kingdom",11,Town or Village
Ashurst New Forest,10,Town or Village
Colbury,9,Town or Village
Ibsley,9,Town or Village
Marchwood,9,Town or Village
"Bashley, Hampshire",8,Town or Village
"Fawley, Southampton, United Kingdom",8,Town or Village
"Sway, New Forest",8,Town or Village
"Pennington, Hampshire",7,Town or Village
"Ashley, New Forest",6,Town or Village
Beaulieu New Forest,6,Town or Village
"East End, Hampshire",6,Town or Village
Millford-on-Sea Beach,6,Town or Village
Holbury,5,Town or Village
"Redlynch, Wiltshire",5,Town or Village
Whiteparish,5,Town or Village
"Landford, Wiltshire, United Kingdom",4,Town or Village
"Langley, Hampshire",4,Town or Village
Lyndhurst,4,Town or Village
"Sopley, Dorset, United Kingdom",4,Town or Village
Brockenhurst railway station,11,Transport
Beaulieu Road railway station,8,Transport
Hythe Ferry,5,Transport
La Vista,43,Unknown
Sarah Stinneford Equestrian,24,Unknown
Kingates Equestrian,20,Unknown
The Royal Oak,16,Unknown
The Legacy Rose and Crown Hotel,15,Unknown
Room,10,Unknown
Home,4,Unknown
